{
  "intrinsic_params": {
    "fx": 534.0949707,
    "fy": 534.05999756,
    "cx": 556.88500977,
    "cy": 308.18099976
  },
  "extrinsic_params": {
    "translation": [1.04, -0.1, 0.84],
    "quaternion": [0.68421587, 0.63428563, -0.22690795, -0.27936206]
  }
}

